url,apodo
https://resultadosbalonmano.isquad.es/equipo.php?id_equipo=224122&id=1033949,BENJAMÍN C
https://resultadosbalonmano.isquad.es/equipo.php?id_equipo=224121&id=1033946,BENJAMÍN B
https://resultadosbalonmano.isquad.es/equipo.php?id_equipo=224119&id=1033945,BEMNJAMÍN A
https://resultadosbalonmano.isquad.es/equipo.php?id_equipo=224170&id=1033940,ALEVÍN FEM
https://resultadosbalonmano.isquad.es/equipo.php?id_equipo=223073&id=1040399&id_superficie=1,ALEVÍN PLATA
https://resultadosbalonmano.isquad.es/equipo.php?seleccion=0&id_superficie=1&id_equipo=223072&id=1040392,ALEVÍN ORO
https://resultadosbalonmano.isquad.es/equipo.php?seleccion=0&id_superficie=1&id_equipo=216323&id=1038748,1ª INFANTIL FEM
https://resultadosbalonmano.isquad.es/equipo.php?id_equipo=216225&id=1040405&id_superficie=1,3ª INFANTIL M
https://resultadosbalonmano.isquad.es/equipo.php?id_equipo=216321&id=1040395&id_superficie=1,2ª INFANTIL M
https://resultadosbalonmano.isquad.es/equipo.php?id_equipo=216315&id=1040417&id_superficie=1,2ª CADETE F
https://resultadosbalonmano.isquad.es/equipo.php?id_equipo=216224&id=1040414&id_superficie=1,2ª CADETE M
https://resultadosbalonmano.isquad.es/equipo.php?id_equipo=216322&id=1038717&id_superficie=1,1ª CADETE M
https://resultadosbalonmano.isquad.es/equipo.php?id_equipo=220486&id=1040419&id_superficie=1,2ª JUVENIL F
https://resultadosbalonmano.isquad.es/equipo.php?id_equipo=219521&id=1040385&id_superficie=1,2ª JUVENIL M
https://resultadosbalonmano.isquad.es/equipo.php?id_equipo=216223&id=1038708&id_superficie=1,1ª JUVENIL M
https://resultadosbalonmano.isquad.es/equipo.php?id_equipo=216324&id=1040390&id_superficie=1,2ª NACIONAL F
https://resultadosbalonmano.isquad.es/equipo.php?id_equipo=219271&id=1038680&id_superficie=1,1ª TERRITORIAL M
https://resultadosbalonmano.isquad.es/equipo.php?id_equipo=219343&id=1038679&id_superficie=1,2ª NACIONAL M
https://resultadosbalonmano.isquad.es/equipo.php?seleccion=0&id_superficie=1&id_equipo=216321&id=1040394,2ª INFANTIL M
https://resultadosbalonmano.isquad.es/equipo.php?seleccion=0&id_superficie=1&id_equipo=216315&id=1040416,2ª CADETE F
https://resultadosbalonmano.isquad.es/equipo.php?seleccion=0&id_superficie=1&id_equipo=216224&id=1040412,2ª CADETE M
https://resultadosbalonmano.isquad.es/equipo.php?seleccion=0&id_superficie=1&id_equipo=216322&id=1038714,1ª CADETE M
https://resultadosbalonmano.isquad.es/equipo.php?seleccion=0&id_superficie=1&id_equipo=220486&id=1040419,2ª JUVENIL F
https://resultadosbalonmano.isquad.es/equipo.php?seleccion=0&id_superficie=1&id_equipo=219521&id=1040385,2ª JUVENIL M
https://resultadosbalonmano.isquad.es/equipo.php?seleccion=0&id_superficie=1&id_equipo=216223&id=1038704,1ª JUVENIL M
https://resultadosbalonmano.isquad.es/equipo.php?seleccion=0&id_superficie=1&id_equipo=216324&id=1040390,2ª NACIONAL F
https://resultadosbalonmano.isquad.es/equipo.php?seleccion=0&id_superficie=1&id_equipo=219271&id=1038680,1ª TERRITORIAL M
https://resultadosbalonmano.isquad.es/equipo.php?seleccion=0&id_superficie=1&id_equipo=219343&id=1038679,2ª NACIONAL M
